CEP inicial,Latitude inicial,Longitude inicial,Dia do voo,Hora inicial,Velocidade (km/h),CEP final,Latitude final,Longitude final,Pouso,Hora final
82821020,-25.4233146,-49.2160678,1,06:00:00,36,82821016,-25.4270764,-49.2095055,NAO,06:01:34
82821016,-25.4270764,-49.2095055,1,06:01:34,36,82820300,-25.4107437,-49.2017099,NAO,06:06:02
82820300,-25.4107437,-49.2017099,1,06:06:02,36,82840140,-25.4035559,-49.2092010,NAO,06:07:30
82840140,-25.4035559,-49.2092010,1,06:07:30,36,82840120,-25.4055830,-49.2167227,NAO,06:08:23
82840120,-25.4055830,-49.2167227,1,06:08:23,36,82600640,-25.3981886,-49.2162512,NAO,06:09:55
82600640,-25.3981886,-49.2162512,1,06:09:55,36,82600750,-25.3958555,-49.2162615,NAO,06:10:23
82600750,-25.3958555,-49.2162615,1,06:10:23,36,82600070,-25.3907411,-49.2112438,NAO,06:12:27
82600070,-25.3907411,-49.2112438,1,06:12:27,36,82860400,-25.3861407,-49.1978956,NAO,06:16:59
82860400,-25.3861407,-49.1978956,1,06:16:59,36,82860360,-25.3827109,-49.1953359,NAO,06:18:08
82860360,-25.3827109,-49.1953359,1,06:18:08,36,82630290,-25.3718663,-49.2091730,NAO,06:20:32
82630290,-25.3718663,-49.2091730,1,06:20:32,36,82630100,-25.3812693,-49.2161804,NAO,06:22:01
82630100,-25.3812693,-49.2161804,1,06:22:01,36,82620150,-25.3843628,-49.2203917,NAO,06:22:38
82620150,-25.3843628,-49.2203917,1,06:22:38,36,82630494,-25.3769202,-49.2197022,NAO,06:24:12
82630494,-25.3769202,-49.2197022,1,06:24:12,36,82720240,-25.3649974,-49.2309055,SIM,06:26:33
82720240,-25.3649974,-49.2309055,1,06:26:33,36,82720410,-25.3531644,-49.2322632,NAO,06:28:49
82720410,-25.3531644,-49.2322632,1,06:28:49,36,82710330,-25.3530999,-49.2583429,NAO,06:31:50
82710330,-25.3530999,-49.2583429,1,06:31:50,36,82710320,-25.3550855,-49.2588718,NAO,06:32:07
82710320,-25.3550855,-49.2588718,1,06:32:07,36,82710082,-25.3647667,-49.2518749,NAO,06:34:12
82710082,-25.3647667,-49.2518749,1,06:34:12,36,82700540,-25.3703488,-49.2570180,NAO,06:35:09
82700540,-25.3703488,-49.2570180,1,06:35:09,36,82700410,-25.3740192,-49.2513783,NAO,06:36:30
82700410,-25.3740192,-49.2513783,1,06:36:30,36,82650210,-25.3791995,-49.2479747,NAO,06:37:35
82650210,-25.3791995,-49.2479747,1,06:37:35,36,82650230,-25.3772499,-49.2469518,NAO,06:38:08
82650230,-25.3772499,-49.2469518,1,06:38:08,36,82650320,-25.3737566,-49.2469140,NAO,06:38:50
82650320,-25.3737566,-49.2469140,1,06:38:50,36,82650470,-25.3694403,-49.2428589,NAO,06:40:32
82650470,-25.3694403,-49.2428589,1,06:40:32,36,82640640,-25.3715919,-49.2403618,NAO,06:41:09
82640640,-25.3715919,-49.2403618,1,06:41:09,36,82640710,-25.3761139,-49.2360148,NAO,06:42:19
82640710,-25.3761139,-49.2360148,1,06:42:19,36,82640400,-25.3780721,-49.2387994,NAO,06:42:43
82640400,-25.3780721,-49.2387994,1,06:42:43,36,82650060,-25.3808623,-49.2427622,NAO,06:43:18
82650060,-25.3808623,-49.2427622,1,06:43:18,36,82560040,-25.3850699,-49.2480647,NAO,06:44:06
82560040,-25.3850699,-49.2480647,1,06:44:06,36,82210230,-25.3823373,-49.2634891,SIM,06:45:58
82210230,-25.3823373,-49.2634891,1,06:45:58,36,82220133,-25.3760098,-49.2639595,NAO,06:47:11
82220133,-25.3760098,-49.2639595,1,06:47:11,36,82220142,-25.3755612,-49.2640974,NAO,06:47:16
82220142,-25.3755612,-49.2640974,1,06:47:16,36,82220610,-25.3725748,-49.2682819,NAO,06:47:57
82220610,-25.3725748,-49.2682819,1,06:47:57,36,82220470,-25.3569462,-49.2736981,NAO,06:50:48
82220470,-25.3569462,-49.2736981,1,06:50:48,36,82220563,-25.3564837,-49.2790128,NAO,06:51:25
82220563,-25.3564837,-49.2790128,1,06:51:25,36,82130580,-25.3655057,-49.2806546,NAO,06:52:43
82130580,-25.3655057,-49.2806546,1,06:52:43,36,82130470,-25.3763584,-49.2754817,NAO,06:54:42
82130470,-25.3763584,-49.2754817,1,06:54:42,36,82115020,-25.3852616,-49.2858709,NAO,06:56:22
82115020,-25.3852616,-49.2858709,1,06:56:22,36,82130282,-25.3808727,-49.2743298,NAO,07:00:20
82130282,-25.3808727,-49.2743298,1,07:00:20,36,82130162,-25.3808899,-49.2691345,NAO,07:01:48
82130162,-25.3808899,-49.2691345,1,07:01:48,36,82200216,-25.3890870,-49.2703393,NAO,07:02:58
82200216,-25.3890870,-49.2703393,1,07:02:58,36,82200200,-25.3904102,-49.2691161,NAO,07:03:18
82200200,-25.3904102,-49.2691161,1,07:03:18,36,82200440,-25.3938756,-49.2639952,NAO,07:04:33
82200440,-25.3938756,-49.2639952,1,07:04:33,36,80540140,-25.4021062,-49.2605236,NAO,07:06:00
80540140,-25.4021062,-49.2605236,1,07:06:00,36,80035230,-25.4008064,-49.2512257,SIM,07:08:51
80035230,-25.4008064,-49.2512257,1,07:08:51,36,80035210,-25.4018594,-49.2501065,NAO,07:09:09
80035210,-25.4018594,-49.2501065,1,07:09:09,36,80010160,-25.3975876,-49.2498549,NAO,07:10:01
80010160,-25.3975876,-49.2498549,1,07:10:01,36,82515190,-25.3992380,-49.2294960,NAO,07:15:32
82515190,-25.3992380,-49.2294960,1,07:15:32,36,82510100,-25.4090507,-49.2385844,NAO,07:17:11
82510100,-25.4090507,-49.2385844,1,07:17:11,36,82520150,-25.4121197,-49.2373089,NAO,07:17:43
82520150,-25.4121197,-49.2373089,1,07:17:43,36,82510514,-25.4130335,-49.2401460,NAO,07:18:04
82510514,-25.4130335,-49.2401460,1,07:18:04,36,82520095,-25.4146626,-49.2400309,NAO,07:18:19
82520095,-25.4146626,-49.2400309,1,07:18:19,36,80030430,-25.4146322,-49.2550562,NAO,07:20:03
80030430,-25.4146322,-49.2550562,1,07:20:03,36,80030200,-25.4196624,-49.2602838,NAO,07:20:56
80030200,-25.4196624,-49.2602838,1,07:20:56,36,80530210,-25.4159280,-49.2667140,NAO,07:21:54
80530210,-25.4159280,-49.2667140,1,07:21:54,36,80540290,-25.4060056,-49.2667691,NAO,07:23:53
80540290,-25.4060056,-49.2667691,1,07:23:53,36,80520550,-25.4036218,-49.2770964,NAO,07:25:09
80520550,-25.4036218,-49.2770964,1,07:25:09,36,82100270,-25.4014681,-49.2883068,NAO,07:26:30
82100270,-25.4014681,-49.2883068,1,07:26:30,36,82100470,-25.3984035,-49.2952852,NAO,07:27:27
82100470,-25.3984035,-49.2952852,1,07:27:27,36,82100440,-25.3942805,-49.2932766,SIM,07:28:35
82100440,-25.3942805,-49.2932766,1,07:28:35,36,82100620,-25.3924351,-49.3027650,NAO,07:29:44
82100620,-25.3924351,-49.3027650,1,07:29:44,36,82030020,-25.3946174,-49.3162606,NAO,07:31:18
82030020,-25.3946174,-49.3162606,1,07:31:18,36,82410316,-25.3849215,-49.3284397,NAO,07:33:26
82410316,-25.3849215,-49.3284397,1,07:33:26,36,82410510,-25.3732419,-49.3291632,NAO,07:35:42
82410510,-25.3732419,-49.3291632,1,07:35:42,36,82415070,-25.3666350,-49.3367377,NAO,07:37:06
82415070,-25.3666350,-49.3367377,1,07:37:06,36,82400380,-25.3939611,-49.3559660,NAO,07:41:21
82400380,-25.3939611,-49.3559660,1,07:41:21,36,82320340,-25.3991999,-49.3477109,NAO,07:43:20
82320340,-25.3991999,-49.3477109,1,07:43:20,36,82320220,-25.4019988,-49.3433040,NAO,07:44:24
82320220,-25.4019988,-49.3433040,1,07:44:24,36,82320230,-25.4021230,-49.3423792,NAO,07:44:39
82320230,-25.4021230,-49.3423792,1,07:44:39,36,82400000,-25.4008242,-49.3355962,NAO,07:46:47
82400000,-25.4008242,-49.3355962,1,07:46:47,36,82020560,-25.4011577,-49.3241350,NAO,07:49:58
82020560,-25.4011577,-49.3241350,1,07:49:58,36,82020770,-25.4035799,-49.3165391,NAO,07:51:51
82020770,-25.4035799,-49.3165391,1,07:51:51,36,80820480,-25.4089459,-49.3017935,SIM,07:55:26
80820480,-25.4089459,-49.3017935,1,07:55:26,36,80820500,-25.4107703,-49.3021049,NAO,07:55:42
80820500,-25.4107703,-49.3021049,1,07:55:42,36,80820520,-25.4127105,-49.2963300,NAO,07:57:07
80820520,-25.4127105,-49.2963300,1,07:57:07,36,80820350,-25.4104868,-49.2948597,NAO,07:57:49
80820350,-25.4104868,-49.2948597,1,07:57:49,36,80820310,-25.4086845,-49.2906611,NAO,07:59:17
80820310,-25.4086845,-49.2906611,1,07:59:17,36,80810200,-25.4117516,-49.2882065,NAO,07:59:59
80810200,-25.4117516,-49.2882065,1,07:59:59,36,80810070,-25.4171735,-49.2912703,NAO,08:00:48
80810070,-25.4171735,-49.2912703,1,08:00:48,36,80810020,-25.4179270,-49.2959063,NAO,08:01:20
80810020,-25.4179270,-49.2959063,1,08:01:20,36,80710600,-25.4224699,-49.3006978,NAO,08:02:08
80710600,-25.4224699,-49.3006978,1,08:02:08,36,80710040,-25.4214634,-49.3044616,NAO,08:02:37
80710040,-25.4214634,-49.3044616,1,08:02:37,36,80820650,-25.4121630,-49.3068075,NAO,08:04:19
80820650,-25.4121630,-49.3068075,1,08:04:19,36,82025060,-25.4094383,-49.3098019,NAO,08:04:53
82025060,-25.4094383,-49.3098019,1,08:04:53,36,82025101,-25.4089804,-49.3131317,NAO,08:05:17
82025101,-25.4089804,-49.3131317,1,08:05:17,36,82015110,-25.4160407,-49.3250852,NAO,08:06:55
82015110,-25.4160407,-49.3250852,1,08:06:55,36,82015100,-25.4177304,-49.3254408,NAO,08:07:09
82015100,-25.4177304,-49.3254408,1,08:07:09,36,82015720,-25.4187128,-49.3341401,NAO,08:08:10
82015720,-25.4187128,-49.3341401,1,08:08:10,36,82015640,-25.4165572,-49.3376898,NAO,08:08:42
82015640,-25.4165572,-49.3376898,1,08:08:42,36,82320460,-25.4077602,-49.3507955,SIM,08:10:48
82320460,-25.4077602,-49.3507955,1,08:10:48,36,82315390,-25.4096764,-49.3604395,NAO,08:11:55
82315390,-25.4096764,-49.3604395,1,08:11:55,36,82315100,-25.4138947,-49.3562616,NAO,08:13:01
82315100,-25.4138947,-49.3562616,1,08:13:01,36,82300430,-25.4211196,-49.3463657,NAO,08:15:27
82300430,-25.4211196,-49.3463657,1,08:15:27,36,81200390,-25.4331375,-49.3440641,NAO,08:17:20
81200390,-25.4331375,-49.3440641,1,08:17:20,36,81200400,-25.4338998,-49.3437087,NAO,08:17:28
81200400,-25.4338998,-49.3437087,1,08:17:28,36,82310354,-25.4289408,-49.3504774,NAO,08:18:36
82310354,-25.4289408,-49.3504774,1,08:18:36,36,82310380,-25.4271679,-49.3574755,NAO,08:19:28
82310380,-25.4271679,-49.3574755,1,08:19:28,36,82310433,-25.4310700,-49.3724830,NAO,08:21:15
82310433,-25.4310700,-49.3724830,1,08:21:15,36,81280048,-25.4357441,-49.3612301,NAO,08:23:58
81280048,-25.4357441,-49.3612301,1,08:23:58,36,81280190,-25.4369028,-49.3594794,NAO,08:24:23
81280190,-25.4369028,-49.3594794,1,08:24:23,36,81280125,-25.4406128,-49.3601133,NAO,08:24:55
81280125,-25.4406128,-49.3601133,1,08:24:55,36,81265330,-25.4702238,-49.3713251,NAO,08:29:11
81265330,-25.4702238,-49.3713251,1,08:29:11,36,81260430,-25.4650355,-49.3605952,NAO,08:33:01
81260430,-25.4650355,-49.3605952,1,08:33:01,36,81270220,-25.4591060,-49.3531714,SIM,08:35:54
81270220,-25.4591060,-49.3531714,1,08:35:54,36,81230560,-25.4618345,-49.3467354,NAO,08:37:27
81230560,-25.4618345,-49.3467354,1,08:37:27,36,81230392,-25.4603004,-49.3406576,NAO,08:39:26
81230392,-25.4603004,-49.3406576,1,08:39:26,36,81230395,-25.4630444,-49.3406628,NAO,08:39:50
81230395,-25.4630444,-49.3406628,1,08:39:50,36,81230480,-25.4646281,-49.3394494,NAO,08:40:11
81230480,-25.4646281,-49.3394494,1,08:40:11,36,81240110,-25.4758162,-49.3455734,NAO,08:41:51
81240110,-25.4758162,-49.3455734,1,08:41:51,36,81250210,-25.4756845,-49.3473683,NAO,08:42:04
81250210,-25.4756845,-49.3473683,1,08:42:04,36,81250190,-25.4787357,-49.3477187,NAO,08:42:30
81250190,-25.4787357,-49.3477187,1,08:42:30,36,81260412,-25.4811506,-49.3545312,NAO,08:43:20
81260412,-25.4811506,-49.3545312,1,08:43:20,36,81260350,-25.4831185,-49.3499516,NAO,08:44:26
81260350,-25.4831185,-49.3499516,1,08:44:26,36,81260210,-25.4862515,-49.3503911,NAO,08:44:53
81260210,-25.4862515,-49.3503911,1,08:44:53,36,81260470,-25.4878793,-49.3499858,NAO,08:45:09
81260470,-25.4878793,-49.3499858,1,08:45:09,36,81260160,-25.4882090,-49.3487030,NAO,08:45:28
81260160,-25.4882090,-49.3487030,1,08:45:28,36,81450340,-25.4902346,-49.3486331,NAO,08:45:46
81450340,-25.4902346,-49.3486331,1,08:45:46,36,81450350,-25.4902280,-49.3480470,NAO,08:45:56
81450350,-25.4902280,-49.3480470,1,08:45:56,36,81450310,-25.4928928,-49.3482807,NAO,08:46:19
81450310,-25.4928928,-49.3482807,1,08:46:19,36,81450195,-25.4997585,-49.3532384,NAO,08:47:24
81450195,-25.4997585,-49.3532384,1,08:47:24,36,81452040,-25.4998370,-49.3545044,NAO,08:47:33
81452040,-25.4998370,-49.3545044,1,08:47:33,36,81452334,-25.5061884,-49.3539056,SIM,08:48:30
81452334,-25.5061884,-49.3539056,1,08:48:30,36,81450140,-25.4974736,-49.3493514,NAO,08:50:58
81450140,-25.4974736,-49.3493514,1,08:50:58,36,81450410,-25.4981068,-49.3448540,NAO,08:52:09
81450410,-25.4981068,-49.3448540,1,08:52:09,36,81450520,-25.4951671,-49.3442928,NAO,08:52:48
81450520,-25.4951671,-49.3442928,1,08:52:48,36,81250610,-25.4933427,-49.3409115,NAO,08:54:02
81250610,-25.4933427,-49.3409115,1,08:54:02,36,81350686,-25.4936598,-49.3400481,NAO,08:54:14
81350686,-25.4936598,-49.3400481,1,08:54:14,36,81250482,-25.4865967,-49.3378683,NAO,08:55:56
81250482,-25.4865967,-49.3378683,1,08:55:56,36,81250720,-25.4815525,-49.3385838,NAO,08:56:54
81250720,-25.4815525,-49.3385838,1,08:56:54,36,81240490,-25.4789005,-49.3358292,NAO,08:58:01
81240490,-25.4789005,-49.3358292,1,08:58:01,36,81330220,-25.4843712,-49.3355484,NAO,08:58:50
81330220,-25.4843712,-49.3355484,1,08:58:50,36,81330620,-25.4883481,-49.3345923,NAO,08:59:28
81330620,-25.4883481,-49.3345923,1,08:59:28,36,81330400,-25.4881249,-49.3264242,NAO,09:01:49
81330400,-25.4881249,-49.3264242,1,09:01:49,36,81330550,-25.4845347,-49.3238567,NAO,09:02:45
81330550,-25.4845347,-49.3238567,1,09:02:45,36,81320083,-25.4770955,-49.3183277,NAO,09:04:45
81320083,-25.4770955,-49.3183277,1,09:04:45,36,81050637,-25.4835295,-49.3145008,NAO,09:06:17
81050637,-25.4835295,-49.3145008,1,09:06:17,36,81050610,-25.4838938,-49.3106147,SIM,09:07:35
81050610,-25.4838938,-49.3106147,1,09:07:35,36,81050411,-25.4829820,-49.3058640,NAO,09:09:08
81050411,-25.4829820,-49.3058640,1,09:09:08,36,81070310,-25.4777156,-49.3079769,NAO,09:09:58
81070310,-25.4777156,-49.3079769,1,09:09:58,36,81320290,-25.4748253,-49.3107362,NAO,09:10:28
81320290,-25.4748253,-49.3107362,1,09:10:28,36,80330120,-25.4711981,-49.3106388,NAO,09:11:05
80330120,-25.4711981,-49.3106388,1,09:11:05,36,80330250,-25.4685256,-49.3077516,NAO,09:12:01
80330250,-25.4685256,-49.3077516,1,09:12:01,36,81070000,-25.4763967,-49.3031042,NAO,09:13:53
81070000,-25.4763967,-49.3031042,1,09:13:53,36,81020150,-25.4852091,-49.2875811,NAO,09:18:43
81020150,-25.4852091,-49.2875811,1,09:18:43,36,80220200,-25.4672407,-49.2801500,NAO,09:22:28
80220200,-25.4672407,-49.2801500,1,09:22:28,36,80620370,-25.4578114,-49.2746422,NAO,09:24:41
80620370,-25.4578114,-49.2746422,1,09:24:41,36,80620340,-25.4540745,-49.2732564,NAO,09:25:27
80620340,-25.4540745,-49.2732564,1,09:25:27,36,80010200,-25.4499691,-49.2748090,NAO,09:26:05
80010200,-25.4499691,-49.2748090,1,09:26:05,36,80250085,-25.4428917,-49.2805508,NAO,09:27:17
80250085,-25.4428917,-49.2805508,1,09:27:17,36,80440090,-25.4443285,-49.2916225,NAO,09:28:32
80440090,-25.4443285,-49.2916225,1,09:28:32,36,80240660,-25.4542531,-49.2916382,SIM,09:30:11
80240660,-25.4542531,-49.2916382,1,09:30:11,36,80610300,-25.4639994,-49.2889687,NAO,09:32:02
80610300,-25.4639994,-49.2889687,1,09:32:02,36,80320140,-25.4645331,-49.2945375,NAO,09:32:39
80320140,-25.4645331,-49.2945375,1,09:32:39,36,80320110,-25.4631702,-49.2942523,NAO,09:32:54
80320110,-25.4631702,-49.2942523,1,09:32:54,36,80240550,-25.4533379,-49.3034313,NAO,09:34:38
80240550,-25.4533379,-49.3034313,1,09:34:38,36,80310110,-25.4618760,-49.3131981,NAO,09:36:16
80310110,-25.4618760,-49.3131981,1,09:36:16,36,81220090,-25.4539761,-49.3149024,NAO,09:37:30
81220090,-25.4539761,-49.3149024,1,09:37:30,36,81220170,-25.4569441,-49.3221957,NAO,09:38:25
81220170,-25.4569441,-49.3221957,1,09:38:25,36,81220100,-25.4557352,-49.3256450,NAO,09:38:50
81220100,-25.4557352,-49.3256450,1,09:38:50,36,81210070,-25.4427148,-49.3268134,NAO,09:40:56
81210070,-25.4427148,-49.3268134,1,09:40:56,36,81200030,-25.4339219,-49.3305021,NAO,09:42:18
81200030,-25.4339219,-49.3305021,1,09:42:18,36,82010390,-25.4282396,-49.3275683,NAO,09:43:35
82010390,-25.4282396,-49.3275683,1,09:43:35,36,81200160,-25.4320014,-49.3213628,NAO,09:45:31
81200160,-25.4320014,-49.3213628,1,09:45:31,36,80740620,-25.4417320,-49.3156172,NAO,09:47:50
80740620,-25.4417320,-49.3156172,1,09:47:50,36,80740199,-25.4437465,-49.3130474,NAO,09:48:38
80740199,-25.4437465,-49.3130474,1,09:48:38,36,80440020,-25.4428338,-49.3007478,SIM,09:52:45
80440020,-25.4428338,-49.3007478,1,09:52:45,36,80730270,-25.4395443,-49.3020723,NAO,09:53:15
80730270,-25.4395443,-49.3020723,1,09:53:15,36,80710390,-25.4342725,-49.3055075,NAO,09:54:07
80710390,-25.4342725,-49.3055075,1,09:54:07,36,80710350,-25.4333576,-49.3086768,NAO,09:54:29
80710350,-25.4333576,-49.3086768,1,09:54:29,36,80730430,-25.4301570,-49.2936140,NAO,09:59:25
80730430,-25.4301570,-49.2936140,1,09:59:25,36,80730450,-25.4295930,-49.2924205,NAO,09:59:47
80730450,-25.4295930,-49.2924205,1,09:59:47,36,80410000,-25.4213662,-49.2875646,NAO,10:01:44
80410000,-25.4213662,-49.2875646,1,10:01:44,36,80510360,-25.4193945,-49.2858097,NAO,10:02:20
80510360,-25.4193945,-49.2858097,1,10:02:20,36,80510325,-25.4198157,-49.2790782,NAO,10:04:35
80510325,-25.4198157,-49.2790782,1,10:04:35,36,80510090,-25.4219078,-49.2805582,NAO,10:04:56
80510090,-25.4219078,-49.2805582,1,10:04:56,36,80250220,-25.4401652,-49.2778678,NAO,10:08:09
80250220,-25.4401652,-49.2778678,1,10:08:09,36,80230090,-25.4390390,-49.2723310,NAO,10:09:58
80230090,-25.4390390,-49.2723310,1,10:09:58,36,80530040,-25.4219925,-49.2723749,NAO,10:12:47
80530040,-25.4219925,-49.2723749,1,10:12:47,36,80030010,-25.4241640,-49.2668660,NAO,10:14:32
80030010,-25.4241640,-49.2668660,1,10:14:32,36,80010010,-25.4267760,-49.2679877,SIM,10:14:57
80010010,-25.4267760,-49.2679877,1,10:14:57,36,80060040,-25.4318069,-49.2632808,NAO,10:16:31
80060040,-25.4318069,-49.2632808,1,10:16:31,36,80010040,-25.4333063,-49.2586024,NAO,10:18:01
80010040,-25.4333063,-49.2586024,1,10:18:01,36,80060170,-25.4278722,-49.2593020,NAO,10:18:53
80060170,-25.4278722,-49.2593020,1,10:18:53,36,80045160,-25.4227240,-49.2577480,NAO,10:19:52
80045160,-25.4227240,-49.2577480,1,10:19:52,36,80040150,-25.4191917,-49.2505314,NAO,10:22:08
80040150,-25.4191917,-49.2505314,1,10:22:08,36,80040153,-25.4213319,-49.2481649,NAO,10:22:53
80040153,-25.4213319,-49.2481649,1,10:22:53,36,80045270,-25.4269458,-49.2498379,NAO,10:23:46
80045270,-25.4269458,-49.2498379,1,10:23:46,36,80045265,-25.4303760,-49.2482430,NAO,10:24:31
80045265,-25.4303760,-49.2482430,1,10:24:31,36,80045340,-25.4273942,-49.2452352,NAO,10:25:30
80045340,-25.4273942,-49.2452352,1,10:25:30,36,80050435,-25.4305533,-49.2435107,NAO,10:26:13
80050435,-25.4305533,-49.2435107,1,10:26:13,36,80050440,-25.4325298,-49.2411147,NAO,10:26:59
80050440,-25.4325298,-49.2411147,1,10:26:59,36,80210200,-25.4425803,-49.2447535,NAO,10:28:33
80210200,-25.4425803,-49.2447535,1,10:28:33,36,80210400,-25.4463780,-49.2468985,NAO,10:29:09
80210400,-25.4463780,-49.2468985,1,10:29:09,36,80215542,-25.4467562,-49.2503977,NAO,10:29:33
80215542,-25.4467562,-49.2503977,1,10:29:33,36,80215650,-25.4484380,-49.2490664,NAO,10:30:01
80215650,-25.4484380,-49.2490664,1,10:30:01,36,81510160,-25.4561971,-49.2447744,SIM,10:31:49
81510160,-25.4561971,-49.2447744,1,10:31:49,36,81510040,-25.4602953,-49.2465827,NAO,10:32:27
81510040,-25.4602953,-49.2465827,1,10:32:27,36,80220380,-25.4622493,-49.2552577,NAO,10:33:27
80220380,-25.4622493,-49.2552577,1,10:33:27,36,81030180,-25.4763519,-49.2647633,NAO,10:35:45
81030180,-25.4763519,-49.2647633,1,10:35:45,36,81010130,-25.4764196,-49.2731557,NAO,10:36:41
81010130,-25.4764196,-49.2731557,1,10:36:41,36,81010160,-25.4761701,-49.2756321,NAO,10:36:58
81010160,-25.4761701,-49.2756321,1,10:36:58,36,81010170,-25.4783571,-49.2757206,NAO,10:37:20
81010170,-25.4783571,-49.2757206,1,10:37:20,36,81030100,-25.4832995,-49.2706444,NAO,10:38:59
81030100,-25.4832995,-49.2706444,1,10:38:59,36,81030370,-25.4881800,-49.2756636,NAO,10:39:52
81030370,-25.4881800,-49.2756636,1,10:39:52,36,81030380,-25.4878438,-49.2772122,NAO,10:40:03
81030380,-25.4878438,-49.2772122,1,10:40:03,36,81020420,-25.4920197,-49.2840873,NAO,10:41:01
81020420,-25.4920197,-49.2840873,1,10:41:01,36,81110190,-25.4985136,-49.2879506,NAO,10:42:03
81110190,-25.4985136,-49.2879506,1,10:42:03,36,81110240,-25.5012203,-49.2880626,NAO,10:42:30
81110240,-25.5012203,-49.2880626,1,10:42:30,36,81110330,-25.5042910,-49.2847717,NAO,10:43:33
81110330,-25.5042910,-49.2847717,1,10:43:33,36,81110522,-25.5094403,-49.2915097,NAO,10:44:36
81110522,-25.5094403,-49.2915097,1,10:44:36,36,81110070,-25.5038132,-49.2938691,NAO,10:45:29
81110070,-25.5038132,-49.2938691,1,10:45:29,36,81130270,-25.5076617,-49.3009496,NAO,10:46:26
81130270,-25.5076617,-49.3009496,1,10:46:26,36,81130330,-25.5102534,-49.3062617,SIM,10:47:07
81130330,-25.5102534,-49.3062617,1,10:47:07,36,81312000,-25.5030856,-49.3152230,NAO,10:48:32
81312000,-25.5030856,-49.3152230,1,10:48:32,36,81310370,-25.5005119,-49.3186624,NAO,10:49:04
81310370,-25.5005119,-49.3186624,1,10:49:04,36,81305650,-25.5010554,-49.3233460,NAO,10:49:36
81305650,-25.5010554,-49.3233460,1,10:49:36,36,81350320,-25.4992029,-49.3318588,NAO,10:50:34
81350320,-25.4992029,-49.3318588,1,10:50:34,36,81350712,-25.4960802,-49.3371848,NAO,10:51:19
81350712,-25.4960802,-49.3371848,1,10:51:19,36,81350713,-25.4965572,-49.3371662,NAO,10:51:23
81350713,-25.4965572,-49.3371662,1,10:51:23,36,81350607,-25.5098120,-49.3366328,NAO,10:53:37
81350607,-25.5098120,-49.3366328,1,10:53:37,36,81460235,-25.5296042,-49.3384583,NAO,10:56:49
81460235,-25.5296042,-49.3384583,1,10:56:49,36,81460239,-25.5325142,-49.3365794,NAO,10:57:32
81460239,-25.5325142,-49.3365794,1,10:57:32,36,81460210,-25.5323147,-49.3335574,NAO,10:58:32
81460210,-25.5323147,-49.3335574,1,10:58:32,36,81170755,-25.5160188,-49.3308090,NAO,11:01:27
81170755,-25.5160188,-49.3308090,1,11:01:27,36,81170762,-25.5155772,-49.3290639,NAO,11:02:01
81170762,-25.5155772,-49.3290639,1,11:02:01,36,81170370,-25.5144657,-49.3258065,NAO,11:03:03
81170370,-25.5144657,-49.3258065,1,11:03:03,36,81315685,-25.5115270,-49.3255583,NAO,11:03:34
81315685,-25.5115270,-49.3255583,1,11:03:34,36,81170065,-25.5110534,-49.3200841,NAO,11:05:23
81170065,-25.5110534,-49.3200841,1,11:05:23,36,81170662,-25.5172792,-49.3183728,SIM,11:06:34
81170662,-25.5172792,-49.3183728,1,11:06:34,36,81150130,-25.5161805,-49.3043711,NAO,11:11:14
81150130,-25.5161805,-49.3043711,1,11:11:14,36,81150120,-25.5170223,-49.3040622,NAO,11:11:24
81150120,-25.5170223,-49.3040622,1,11:11:24,36,81150330,-25.5222469,-49.3046046,NAO,11:12:15
81150330,-25.5222469,-49.3046046,1,11:12:15,36,81870352,-25.5241770,-49.2937685,NAO,11:15:48
81870352,-25.5241770,-49.2937685,1,11:15:48,36,81870310,-25.5241504,-49.2902102,NAO,11:17:00
81870310,-25.5241504,-49.2902102,1,11:17:00,36,81880380,-25.5395482,-49.2924785,NAO,11:19:27
81880380,-25.5395482,-49.2924785,1,11:19:27,36,81880240,-25.5404745,-49.2975795,NAO,11:20:02
81880240,-25.5404745,-49.2975795,1,11:20:02,36,81460140,-25.5504730,-49.3064697,NAO,11:21:46
81460140,-25.5504730,-49.3064697,1,11:21:46,36,81480160,-25.5588432,-49.3151440,NAO,11:23:17
81480160,-25.5588432,-49.3151440,1,11:23:17,36,81480152,-25.5584309,-49.3207049,NAO,11:23:55
81480152,-25.5584309,-49.3207049,1,11:23:55,36,81480141,-25.5562062,-49.3231897,NAO,11:24:20
81480141,-25.5562062,-49.3231897,1,11:24:20,36,81480216,-25.5592032,-49.3274865,NAO,11:24:58
81480216,-25.5592032,-49.3274865,1,11:24:58,36,81470089,-25.5687004,-49.3290483,NAO,11:26:28
81470089,-25.5687004,-49.3290483,1,11:26:28,36,81470175,-25.5671865,-49.3334716,NAO,11:27:00
81470175,-25.5671865,-49.3334716,1,11:27:00,36,81470055,-25.5630048,-49.3383969,SIM,11:27:49
81470055,-25.5630048,-49.3383969,1,11:27:49,36,81470256,-25.5694166,-49.3378722,NAO,11:28:54
81470256,-25.5694166,-49.3378722,1,11:28:54,36,81470255,-25.5696304,-49.3374921,NAO,11:29:02
81470255,-25.5696304,-49.3374921,1,11:29:02,36,81470290,-25.5737516,-49.3412590,NAO,11:29:45
81470290,-25.5737516,-49.3412590,1,11:29:45,36,81470300,-25.5757762,-49.3365444,NAO,11:31:14
81470300,-25.5757762,-49.3365444,1,11:31:14,36,81470340,-25.5784519,-49.3362379,NAO,11:31:42
81470340,-25.5784519,-49.3362379,1,11:31:42,36,81470346,-25.5796239,-49.3352481,NAO,11:32:02
81470346,-25.5796239,-49.3352481,1,11:32:02,36,81470370,-25.5778785,-49.3341111,NAO,11:32:28
81470370,-25.5778785,-49.3341111,1,11:32:28,36,81490170,-25.5871765,-49.3233641,NAO,11:35:54
81490170,-25.5871765,-49.3233641,1,11:35:54,36,81490280,-25.5975675,-49.3235434,NAO,11:37:36
81490280,-25.5975675,-49.3235434,1,11:37:36,36,81490562,-25.6007006,-49.3302336,NAO,11:38:28
81490562,-25.6007006,-49.3302336,1,11:38:28,36,81490360,-25.5959261,-49.3331488,NAO,11:39:14
81490360,-25.5959261,-49.3331488,1,11:39:14,36,81490370,-25.5945839,-49.3348460,NAO,11:39:30
81490370,-25.5945839,-49.3348460,1,11:39:30,36,81490400,-25.5959261,-49.3357867,NAO,11:39:43
81490400,-25.5959261,-49.3357867,1,11:39:43,36,81490398,-25.5963908,-49.3358913,NAO,11:39:48
81490398,-25.5963908,-49.3358913,1,11:39:48,36,81490010,-25.6154929,-49.3537353,SIM,11:43:09
81490010,-25.6154929,-49.3537353,1,11:43:09,36,81490620,-25.6132685,-49.3349371,NAO,11:49:23
81490620,-25.6132685,-49.3349371,1,11:49:23,36,81945040,-25.6022235,-49.3138372,NAO,11:55:58
81945040,-25.6022235,-49.3138372,1,11:55:58,36,81480170,-25.5633003,-49.3185829,NAO,12:02:11
81480170,-25.5633003,-49.3185829,1,12:02:11,36,81480050,-25.5639558,-49.3123860,NAO,12:04:21
81480050,-25.5639558,-49.3123860,1,12:04:21,36,81480125,-25.5614706,-49.3118707,NAO,12:04:48
81480125,-25.5614706,-49.3118707,1,12:04:48,36,81940200,-25.5579958,-49.3005595,NAO,12:08:35
81940200,-25.5579958,-49.3005595,1,12:08:35,36,81940210,-25.5603015,-49.2872240,NAO,12:13:12
81940210,-25.5603015,-49.2872240,1,12:13:12,36,81930367,-25.5617914,-49.2710241,NAO,12:18:54
81930367,-25.5617914,-49.2710241,1,12:18:54,36,81935317,-25.5574814,-49.2659726,NAO,12:20:31
81935317,-25.5574814,-49.2659726,1,12:20:31,36,81935303,-25.5548054,-49.2658406,SIM,12:20:58
81935303,-25.5548054,-49.2658406,1,12:20:58,36,81925578,-25.5519936,-49.2679261,NAO,12:21:26
81925578,-25.5519936,-49.2679261,1,12:21:26,36,81925567,-25.5516864,-49.2689272,NAO,12:21:33
81925567,-25.5516864,-49.2689272,1,12:21:33,36,81900670,-25.5457749,-49.2827187,NAO,12:23:15
81900670,-25.5457749,-49.2827187,1,12:23:15,36,81900560,-25.5386533,-49.2709988,NAO,12:26:59
81900560,-25.5386533,-49.2709988,1,12:26:59,36,81910030,-25.5361378,-49.2685374,NAO,12:27:48
81910030,-25.5361378,-49.2685374,1,12:27:48,36,81920230,-25.5401588,-49.2654606,NAO,12:28:54
81920230,-25.5401588,-49.2654606,1,12:28:54,36,81920735,-25.5391679,-49.2615213,NAO,12:30:14
81920735,-25.5391679,-49.2615213,1,12:30:14,36,81920500,-25.5428123,-49.2544219,NAO,12:32:30
81920500,-25.5428123,-49.2544219,1,12:32:30,36,81935113,-25.5499175,-49.2536109,NAO,12:33:44
81935113,-25.5499175,-49.2536109,1,12:33:44,36,81935050,-25.5555084,-49.2544885,NAO,12:34:36
81935050,-25.5555084,-49.2544885,1,12:34:36,36,81935382,-25.5594363,-49.2516978,NAO,12:35:38
81935382,-25.5594363,-49.2516978,1,12:35:38,36,81935437,-25.5569929,-49.2495866,NAO,12:36:21
81935437,-25.5569929,-49.2495866,1,12:36:21,36,81935446,-25.5561319,-49.2494042,NAO,12:36:31
81935446,-25.5561319,-49.2494042,1,12:36:31,36,81935474,-25.5506131,-49.2453349,NAO,12:37:59
81935474,-25.5506131,-49.2453349,1,12:37:59,36,81850680,-25.5432082,-49.2429312,NAO,12:39:26
81850680,-25.5432082,-49.2429312,1,12:39:26,36,81850650,-25.5414906,-49.2439316,SIM,12:39:42
81850650,-25.5414906,-49.2439316,1,12:39:42,36,81770160,-25.5296963,-49.2445469,NAO,12:41:36
81770160,-25.5296963,-49.2445469,1,12:41:36,36,81770140,-25.5277922,-49.2459992,NAO,12:41:55
81770140,-25.5277922,-49.2459992,1,12:41:55,36,81720360,-25.5259885,-49.2525245,NAO,12:42:40
81720360,-25.5259885,-49.2525245,1,12:42:40,36,81920747,-25.5329949,-49.2526857,NAO,12:43:48
81920747,-25.5329949,-49.2526857,1,12:43:48,36,81910570,-25.5339269,-49.2586402,NAO,12:44:28
81910570,-25.5339269,-49.2586402,1,12:44:28,36,81910550,-25.5343119,-49.2590953,NAO,12:44:32
81910550,-25.5343119,-49.2590953,1,12:44:32,36,81910390,-25.5316857,-49.2616587,NAO,12:45:00
81910390,-25.5316857,-49.2616587,1,12:45:00,36,81850712,-25.5293963,-49.2571260,NAO,12:46:27
81850712,-25.5293963,-49.2571260,1,12:46:27,36,81830580,-25.5252728,-49.2599986,NAO,12:47:07
81830580,-25.5252728,-49.2599986,1,12:47:07,36,81830300,-25.5229877,-49.2642840,NAO,12:47:41
81830300,-25.5229877,-49.2642840,1,12:47:41,36,81910230,-25.5278877,-49.2672873,NAO,12:48:27
81910230,-25.5278877,-49.2672873,1,12:48:27,36,81910160,-25.5307592,-49.2694617,NAO,12:48:56
81910160,-25.5307592,-49.2694617,1,12:48:56,36,81825210,-25.5262739,-49.2736154,NAO,12:49:42
81825210,-25.5262739,-49.2736154,1,12:49:42,36,81820330,-25.5169970,-49.2724629,NAO,12:51:19
81820330,-25.5169970,-49.2724629,1,12:51:19,36,81830020,-25.5125646,-49.2675351,NAO,12:52:54
81830020,-25.5125646,-49.2675351,1,12:52:54,36,81810492,-25.5044000,-49.2718505,SIM,12:54:11
81810492,-25.5044000,-49.2718505,1,12:54:11,36,81710590,-25.5021304,-49.2606526,NAO,12:58:02
81710590,-25.5021304,-49.2606526,1,12:58:02,36,81710300,-25.4995228,-49.2608604,NAO,12:58:27
81710300,-25.4995228,-49.2608604,1,12:58:27,36,81710380,-25.4967926,-49.2594144,NAO,12:59:04
81710380,-25.4967926,-49.2594144,1,12:59:04,36,81670110,-25.4977016,-49.2505578,NAO,13:02:10
81670110,-25.4977016,-49.2505578,1,13:02:10,36,81670260,-25.5039441,-49.2550350,NAO,13:03:11
81670260,-25.5039441,-49.2550350,1,13:03:11,36,81750200,-25.5157135,-49.2437934,NAO,13:06:56
81750200,-25.5157135,-49.2437934,1,13:06:56,36,81750280,-25.5127671,-49.2444026,NAO,13:07:24
81750280,-25.5127671,-49.2444026,1,13:07:24,36,81650050,-25.4935108,-49.2359920,NAO,13:11:28
81650050,-25.4935108,-49.2359920,1,13:11:28,36,81580050,-25.4911705,-49.2280410,NAO,13:14:08
81580050,-25.4911705,-49.2280410,1,13:14:08,36,81650170,-25.4968832,-49.2251870,NAO,13:15:23
81650170,-25.4968832,-49.2251870,1,13:15:23,36,81580179,-25.4968868,-49.2235693,NAO,13:15:58
81580179,-25.4968868,-49.2235693,1,13:15:58,36,81580020,-25.4882128,-49.2241677,NAO,13:17:21
81580020,-25.4882128,-49.2241677,1,13:17:21,36,81570360,-25.4857325,-49.2299521,NAO,13:18:04
81570360,-25.4857325,-49.2299521,1,13:18:04,36,81650080,-25.4844140,-49.2377486,SIM,13:18:57
81650080,-25.4844140,-49.2377486,1,13:18:57,36,81610090,-25.4829753,-49.2413676,NAO,13:19:23
81610090,-25.4829753,-49.2413676,1,13:19:23,36,81610220,-25.4840165,-49.2455068,NAO,13:19:51
81610220,-25.4840165,-49.2455068,1,13:19:51,36,81610020,-25.4773977,-49.2479964,NAO,13:20:53
81610020,-25.4773977,-49.2479964,1,13:20:53,36,81510570,-25.4741692,-49.2425207,NAO,13:22:37
81510570,-25.4741692,-49.2425207,1,13:22:37,36,81510390,-25.4685143,-49.2421165,NAO,13:23:34
81510390,-25.4685143,-49.2421165,1,13:23:34,36,81520300,-25.4623571,-49.2422079,NAO,13:24:35
81520300,-25.4623571,-49.2422079,1,13:24:35,36,81520250,-25.4595565,-49.2411990,NAO,13:25:08
81520250,-25.4595565,-49.2411990,1,13:25:08,36,81520290,-25.4627058,-49.2410267,NAO,13:25:40
81520290,-25.4627058,-49.2410267,1,13:25:40,36,81570010,-25.4740385,-49.2379956,NAO,13:27:47
81570010,-25.4740385,-49.2379956,1,13:27:47,36,81570092,-25.4773377,-49.2394310,NAO,13:28:18
81570092,-25.4773377,-49.2394310,1,13:28:18,36,81560730,-25.4769830,-49.2242420,NAO,13:33:41
81560730,-25.4769830,-49.2242420,1,13:33:41,36,81570240,-25.4811182,-49.2271006,NAO,13:34:21
81570240,-25.4811182,-49.2271006,1,13:34:21,36,81570001,-25.4825630,-49.2238324,NAO,13:35:24
81570001,-25.4825630,-49.2238324,1,13:35:24,36,81560250,-25.4891354,-49.2181799,NAO,13:37:21
81560250,-25.4891354,-49.2181799,1,13:37:21,36,81560480,-25.4932949,-49.2131370,SIM,13:38:58
81560480,-25.4932949,-49.2131370,1,13:38:58,36,81560570,-25.4943562,-49.2107486,NAO,13:39:44
81560570,-25.4943562,-49.2107486,1,13:39:44,36,81550430,-25.4903391,-49.2062870,NAO,13:41:11
81550430,-25.4903391,-49.2062870,1,13:41:11,36,81550490,-25.4924961,-49.2054049,NAO,13:41:38
81550490,-25.4924961,-49.2054049,1,13:41:38,36,81590576,-25.4942163,-49.2012669,NAO,13:42:59
81590576,-25.4942163,-49.2012669,1,13:42:59,36,81590045,-25.4936220,-49.1988742,NAO,13:43:47
81590045,-25.4936220,-49.1988742,1,13:43:47,36,81590578,-25.4926040,-49.2000060,NAO,13:43:59
81590578,-25.4926040,-49.2000060,1,13:43:59,36,81590577,-25.4923383,-49.2002912,NAO,13:44:01
81590577,-25.4923383,-49.2002912,1,13:44:01,36,81590568,-25.4865484,-49.1981544,NAO,13:45:11
81590568,-25.4865484,-49.1981544,1,13:45:11,36,81590270,-25.4844592,-49.2034738,NAO,13:45:50
81590270,-25.4844592,-49.2034738,1,13:45:50,36,81590340,-25.4869452,-49.2043714,NAO,13:46:13
81590340,-25.4869452,-49.2043714,1,13:46:13,36,81550315,-25.4881320,-49.2083150,NAO,13:46:41
81550315,-25.4881320,-49.2083150,1,13:46:41,36,81550150,-25.4770778,-49.2126544,NAO,13:48:23
81550150,-25.4770778,-49.2126544,1,13:48:23,36,81550240,-25.4774264,-49.2110857,NAO,13:48:55
81550240,-25.4774264,-49.2110857,1,13:48:55,36,81590210,-25.4814448,-49.1986113,NAO,13:53:04
81590210,-25.4814448,-49.1986113,1,13:53:04,36,81590220,-25.4821304,-49.1983599,NAO,13:53:13
81590220,-25.4821304,-49.1983599,1,13:53:13,36,82980520,-25.4702555,-49.1880231,SIM,13:56:45
82980520,-25.4702555,-49.1880231,1,13:56:45,36,82980600,-25.4666338,-49.1916780,NAO,13:57:23
82980600,-25.4666338,-49.1916780,1,13:57:23,36,82960518,-25.4654573,-49.1984885,NAO,13:58:09
82960518,-25.4654573,-49.1984885,1,13:58:09,36,82990000,-25.4637044,-49.1981216,NAO,13:58:28
82990000,-25.4637044,-49.1981216,1,13:58:28,36,82990150,-25.4599433,-49.1940915,NAO,13:59:47
82990150,-25.4599433,-49.1940915,1,13:59:47,36,82990198,-25.4560595,-49.1987434,NAO,14:00:31
82990198,-25.4560595,-49.1987434,1,14:00:31,36,82930428,-25.4555670,-49.2033254,NAO,14:01:02
82930428,-25.4555670,-49.2033254,1,14:01:02,36,82930030,-25.4568139,-49.2056962,NAO,14:01:20
82930030,-25.4568139,-49.2056962,1,14:01:20,36,82930390,-25.4608672,-49.2047594,NAO,14:02:05
82930390,-25.4608672,-49.2047594,1,14:02:05,36,82930370,-25.4627990,-49.2053097,NAO,14:02:23
82930370,-25.4627990,-49.2053097,1,14:02:23,36,82960488,-25.4654066,-49.2106499,NAO,14:03:04
82960488,-25.4654066,-49.2106499,1,14:03:04,36,82960472,-25.4657195,-49.2120583,NAO,14:03:14
82960472,-25.4657195,-49.2120583,1,14:03:14,36,82960200,-25.4685863,-49.2107939,NAO,14:03:50
82960200,-25.4685863,-49.2107939,1,14:03:50,36,81540160,-25.4663187,-49.2166009,NAO,14:04:32
81540160,-25.4663187,-49.2166009,1,14:04:32,36,81530380,-25.4625848,-49.2300931,NAO,14:06:06
81530380,-25.4625848,-49.2300931,1,14:06:06,36,82940170,-25.4546318,-49.2228321,NAO,14:08:33
82940170,-25.4546318,-49.2228321,1,14:08:33,36,82950220,-25.4538040,-49.2173703,SIM,14:10:27
82950220,-25.4538040,-49.2173703,1,14:10:27,36,82930000,-25.4522169,-49.2076849,NAO,14:13:49
82930000,-25.4522169,-49.2076849,1,14:13:49,36,82920090,-25.4493407,-49.2065936,NAO,14:14:24
82920090,-25.4493407,-49.2065936,1,14:14:24,36,82900480,-25.4457890,-49.2173394,NAO,14:15:40
82900480,-25.4457890,-49.2173394,1,14:15:40,36,82810080,-25.4396832,-49.2139927,NAO,14:17:04
82810080,-25.4396832,-49.2139927,1,14:17:04,36,82810220,-25.4362784,-49.2176039,NAO,14:17:41
82810220,-25.4362784,-49.2176039,1,14:17:41,36,82800310,-25.4363061,-49.2266446,NAO,14:18:41
82800310,-25.4363061,-49.2266446,1,14:18:41,36,82530380,-25.4300626,-49.2336060,NAO,14:19:50
82530380,-25.4300626,-49.2336060,1,14:19:50,36,82530060,-25.4253949,-49.2359359,NAO,14:20:33
82530060,-25.4253949,-49.2359359,1,14:20:33,36,82520040,-25.4135495,-49.2301157,NAO,14:23:10
82520040,-25.4135495,-49.2301157,1,14:23:10,36,82520590,-25.4131761,-49.2261972,NAO,14:24:32
82520590,-25.4131761,-49.2261972,1,14:24:32,36,82820460,-25.4179465,-49.2222827,NAO,14:25:54
82820460,-25.4179465,-49.2222827,1,14:25:54,36,82821020,-25.4233146,-49.2160678,SIM,14:27:55
